index,speaker,start,end,duration,text
1,Stewardess (Latam),12.045,12.845,0.800,Leandro?
2,Leandro Disconzi (passenger),12.865,13.265,0.400,¿Sí?
3,Stewardess (Latam),13.265,14.645,1.380,necesito que me acompane
4,Leandro Disconzi (passenger),14.645,19.085,4.440,"Yo no voy a salir sin un motivo, me da la razón porque yo tengo que salir del vuelo."
5,Stewardess (Latam),19.305,20.545,1.240,por que golpeo mi companero
6,Leandro Disconzi (passenger),20.545,21.445,0.900,"Yo golpeé, yo golpeé?"
7,Leandro Disconzi (passenger),21.865,22.745,0.880,"Yo puedo mirar también,"
8,Leandro Disconzi (passenger),22.925,23.405,0.480,"Yo puedo mirar también,"
9,Leandro Disconzi (passenger),23.645,24.305,0.660,eso o que?
10,Stewardess (Latam),24.525,25.645,1.120,eso es lo que me indican
11,Leandro Disconzi (passenger),25.645,29.085,3.440,"Ya, entonces por una indicación, tú me vas a sacar del vuelo."
12,Stewardess (Latam),29.085,29.265,0.180,"Por esto. Porque no puede pasar a llevar el personal, no puede tocar"
13,Stewardess (Latam),29.265,29.465,0.200,"Por esto. Porque no puede pasar a llevar el personal, no puede tocar"
14,Stewardess (Latam),29.465,30.245,0.780,"Por esto. Porque no puede pasar a llevar el personal, no puede tocar"
15,Leandro Disconzi (passenger),30.245,31.045,0.800,"Pero mi problema, es injusticia eso"
16,Stewardess (Latam),31.045,31.285,0.240,"Por esto. Porque no puede pasar a llevar el personal, no puede tocar"
17,Stewardess (Latam),31.285,32.505,1.220,"Por esto. Porque no puede pasar a llevar el personal, no puede tocar"
18,Leandro Disconzi (passenger),33.085,33.485,0.400,"tocar a una cosa, tocar a una cosa. No, no, mira, si tú tienes prueba, la cámara, la grabación y que demuestre que yo lo asalté, que yo lo pegue, mira yo salgo."
19,Leandro Disconzi (passenger),34.405,51.705,17.300,"tocar a una cosa, tocar a una cosa. No, no, mira, si tú tienes prueba, la cámara, la grabación y que demuestre que yo lo asalté, que yo lo pegue, mira yo salgo."
20,Leandro Disconzi (passenger),52.005,62.245,10.240,"Por que yo pregunte, entonce lo tiempo de embarque entonces son 15 minutos"
21,Leandro Disconzi (passenger),62.605,64.125,1.520,"Y en 15 minutos, ultima llamada. Yo ni estava esperando."
22,Leandro Disconzi (passenger),64.525,78.005,13.480,"Mira! Ustedes estan haciendo las cosas incorrectas, ya?! Y ahora ustedes estan intentando culparme por que yo simplesmente pregunte?"
23,Leandro Disconzi (passenger),78.205,79.185,0.980,"Eso es muy ""blackmail""! Mira, hagan lo que quieran, yo no voy salir da ca, ahora si quieren  que alguien venga aca y me saque da ca a fuerza? dale por que yo no voy."
24,Leandro Disconzi (passenger),79.565,80.685,1.120,"Eso es muy ""blackmail""! Mira, hagan lo que quieran, yo no voy salir da ca, ahora si quieren  que alguien venga aca y me saque da ca a fuerza? dale por que yo no voy."
25,Leandro Disconzi (passenger),80.885,84.325,3.440,"Eso es muy ""blackmail""! Mira, hagan lo que quieran, yo no voy salir da ca, ahora si quieren  que alguien venga aca y me saque da ca a fuerza? dale por que yo no voy."
26,Leandro Disconzi (passenger),84.745,85.385,0.640,"Eso es muy ""blackmail""! Mira, hagan lo que quieran, yo no voy salir da ca, ahora si quieren  que alguien venga aca y me saque da ca a fuerza? dale por que yo no voy."
27,Stewardess (Latam),85.605,86.945,1.340,"Eso es lo motivo por que qual tiene que desembarcar, por que ustede puedes conversar con mi companero, preguntarle todo lo que usted quiera"
28,Stewardess (Latam),86.945,92.105,5.160,"Eso es lo motivo por que qual tiene que desembarcar, por que ustede puedes conversar con mi companero, preguntarle todo lo que usted quiera"
29,Leandro Disconzi (passenger),92.105,93.985,1.880,Yo no tengo que Yo conversar
30,Stewardess (Latam),93.985,95.105,1.120,..lo que quiera. Pero no llegar a tocarlo.
31,Stewardess (Latam),95.105,95.685,0.580,Eso es el motivo. Por que haces eso?
32,Stewardess (Latam),95.685,97.485,1.800,Eso es el motivo. Por que haces eso?
33,Stewardess (Latam),97.865,98.005,0.140,Porque
34,Stewardess (Latam),98.005,98.345,0.340,Porque lo toca?
35,Stewardess (Latam),98.345,98.905,0.560,Porque lo toca?
36,Leandro Disconzi (passenger),99.325,106.785,7.460,"Yo soy brasileno. nosotros no somo como ustedes. Yo toque, ciao. Uno lo toca as vezes"
37,Stewardess (Latam),106.785,109.325,2.540,"Eso que no me indica, asi que por eso lo tenemos que desembarcar"
38,Leandro Disconzi (passenger),109.325,111.205,1.880,"Mira, yo ya te explique. Mi saca da ca a fuerza, bacana. si no, mira."
39,Leandro Disconzi (passenger),111.485,113.845,2.360,"Mira, yo ya te explique. Mi saca da ca a fuerza, bacana. si no, mira."
40,Stewardess (Latam),113.985,115.265,1.280,Ok. yo llamo la seguridad.
41,Leandro Disconzi (passenger),115.265,116.945,1.680,"Dale. Dale, dale dale. No es lo primero processo contra la latam. Va ajuntar uno mas."
42,Leandro Disconzi (passenger),117.125,117.505,0.380,"Dale. Dale, dale dale. No es lo primero processo contra la latam. Va ajuntar uno mas."
43,Leandro Disconzi (passenger),118.325,120.065,1.740,"Dale. Dale, dale dale. No es lo primero processo contra la latam. Va ajuntar uno mas."
44,Leandro Disconzi (passenger),120.285,121.385,1.100,"Dale. Dale, dale dale. No es lo primero processo contra la latam. Va ajuntar uno mas."
45,Passengers (multiple),144.085,151.365,7.280,"Então, minha ajuda é mais de suporte para poder oferecer os caminhões, tá? Aliás, eu não sei,"
46,Passengers (multiple),152.125,152.605,0.480,eu
47,Passengers (multiple),156.745,159.945,3.200,"me organizei para ele, tá? Como eu te falei, a passagem eu não cancelei ainda,"
48,Passengers (multiple),160.385,166.185,5.800,"mas eu não reservei a hospedagem, né? Nem a terra, nem a hospedagem, até a pessoa na casa que eu tinha olhado."
49,Passengers (multiple),196.685,202.445,5.760,"Ju, então, responde para ele que eu estou fora, né? Que eu estou voltando. Tenta marcar já no momento, na segunda, tá?"
50,Passengers (multiple),202.985,205.305,2.320,"E aí, aproveita e pergunta para ele se é"
51,Passengers (multiple),207.045,210.525,3.480,para tratar alguma coisa sobre os dados em si da planilha.
52,Passengers (multiple),211.045,216.025,4.980,"Ou se já é sobre a precificação, alguma coisa, porque aí, dependendo, é só para ele."
53,Passengers (multiple),216.685,223.045,6.360,"Mas, pelo e -mail dele, eu entendi que ainda tem mais alguma informação, assim, aí teria que participar, tanto do"
54,Passengers (multiple),223.845,225.985,2.140,"Tomás, quanto do"
55,Passengers (multiple),226.985,228.325,1.340,"Tomás, quanto do Tomás, até o cliente."
56,Leandro Disconzi (passenger),231.765,233.425,1.660,chau uno no voy a salir de acá entonces vamos volver hasta ahora
57,Leandro Disconzi (passenger),234.205,235.685,1.480,tomara que hubiera con alguien aquí
58,Comandante (Piloto) Ruiz,241.645,243.705,2.060,"Bem -vindos, Alatã. É um prazer tê -los a bordo."
59,Comandante (Piloto) Ruiz,244.485,252.725,8.240,"Estamos próximos da nossa partida e, para agilizá -la, solicitamos que deixem o corredor livre que ocupe o seu assento rapidamente e, de forma a facilitar o embarque dos demais passageiros."
60,Comandante (Piloto) Ruiz,253.025,261.105,8.080,"Por favor, coloquem os seus pertences menores, como bolsas, sacolas e mochilas, embaixo do assento à sua frente. Isso inclui garrafas levadas somente para as bagagens maiores."
61,Comandante (Piloto) Ruiz,261.644,268.125,6.481,"Para maximizar o uso do espaço destinado às bagagens maiores, solicitamos que acomodem de forma lateralizada nos compartimentos superiores."
62,Comandante (Piloto) Ruiz,269.225,276.225,7.000,"Passageiros sentados na primeira fileira e assentos nas saídas de emergência, pedimos que acomodem toda a sua bagagem nos compartimentos superiores. Muito obrigado."
63,Passengers (multiple),284.645,287.585,2.940,"Ah, não tenho responsabilidade para mim."
64,Passengers (multiple),318.005,318.705,0.700,"É bem,"
65,Passengers (multiple),319.685,320.525,0.840,não é.
66,Stewardess (Latam),335.785,335.985,0.200,Gracias
67,Passengers (multiple),348.605,352.865,4.260,"Pois é, não, em relação a isso aí, eu não tenho dúvida nenhuma, viu? De"
68,Passengers (multiple),353.045,362.905,9.860,"suporte para os meninos lá, não precisa, ele nem vai conseguir atender. Eu ia para assistir os jogos lá, sabe? Aí, uns amigos de outros times e tal,"
69,Passengers (multiple),363.205,365.165,1.960,aí eu ia para assistir os jogos mesmo.
70,Passengers (multiple),365.385,373.045,7.660,"Mas, aí, nessa ideia, vai mais gente, divide, vai quatro pessoas, divide carro, divide hospitagem e aí está tudo certo. Vale a pena."
71,Passengers (multiple),373.285,380.705,7.420,"Eu comprei passagem barata, porque eu comprei R $17 ,00. Agora, se for para dar"
72,Passengers (multiple),381.045,385.145,4.100,"suporte para o cliente, aí não tem. Não tem porquê, não."
73,Leandro Disconzi (passenger),386.065,390.185,4.120,Yo creo que aquí.
74,Leandro Disconzi (passenger),392.085,392.885,0.800,Yo creo que aquí.
75,Leandro Disconzi (passenger),392.685,392.825,0.140,Yo creo que aquí.
76,Joaquin Barraza (Latam security staff),397.325,397.985,0.660,"Buenas, mi nombre es Joaquín, soy del área de seguridad de Latam, necesito que me acompañe un segundito"
77,Joaquin Barraza (Latam security staff),398.125,398.585,0.460,"Buenas, mi nombre es Joaquín, soy del área de seguridad de Latam, necesito que me acompañe un segundito"
78,Joaquin Barraza (Latam security staff),398.665,399.485,0.820,"Buenas, mi nombre es Joaquín, soy del área de seguridad de Latam, necesito que me acompañe un segundito"
79,Joaquin Barraza (Latam security staff),399.865,401.365,1.500,"Buenas, mi nombre es Joaquín, soy del área de seguridad de Latam, necesito que me acompañe un segundito"
80,Joaquin Barraza (Latam security staff),401.865,403.445,1.580,"Buenas, mi nombre es Joaquín, soy del área de seguridad de Latam, necesito que me acompañe un segundito"
81,Leandro Disconzi (passenger),403.445,408.485,5.040,porque no yo no voy a salir del avión el avión va a salir y yo tengo un vuelo que yo pagué por el vuelo
82,Joaquin Barraza (Latam security staff),408.685,410.885,2.200,El capitán decidió no embarcarlo en este vuelo.
83,Leandro Disconzi (passenger),410.905,417.965,7.060,"Mira, va a tener que me sacar acá a la fuerza, porque yo tengo que entender por qué yo no puedo volar."
84,Leandro Disconzi (passenger),418.045,418.465,0.420,"Mira, va a tener que me sacar acá a la fuerza, porque yo tengo que entender por qué yo no puedo volar."
85,Leandro Disconzi (passenger),419.065,420.205,1.140,"Mira, va a tener que me sacar acá a la fuerza, porque yo tengo que entender por qué yo no puedo volar."
86,Leandro Disconzi (passenger),420.425,420.825,0.400,dale
87,Leandro Disconzi (passenger),421.245,421.585,0.340,dale dale
88,Passengers (multiple),423.425,424.885,1.460,acho que o
89,Passengers (multiple),430.065,435.525,5.460,Fábio não tem contato nenhum.
90,Leandro Disconzi (passenger),435.625,436.865,1.240,dale dale hola gente desculpa
91,Leandro Disconzi (passenger),437.065,439.385,2.320,desculpa para ustedes mas es que es ridículo
92,Leandro Disconzi (passenger),439.825,442.145,2.320,"porque yo toquei el ombro do rapaz,"
93,Leandro Disconzi (passenger),444.105,446.465,2.360,eles estão atrasando o volto a fazer no inferno
94,Leandro Disconzi (passenger),448.025,451.445,3.420,"e pronto, eles podem fazer o que eles queiram é ridículo, tá ridículo,"
95,Leandro Disconzi (passenger),451.965,452.665,0.700,tá ridículo
96,Leandro Disconzi (passenger),452.925,457.325,4.400,"então, olha, vão ter que me levar daqui a força porque eu tô gravando tudo"
97,Leandro Disconzi (passenger),457.745,460.805,3.060,"e não vai ser a primeira vez, só que essa vez vai ser bem pior"
98,Leandro Disconzi (passenger),461.765,462.945,1.180,"porque não, não dá,"
99,Leandro Disconzi (passenger),463.645,464.105,0.460,não dá
100,Passengers (multiple),464.105,466.305,2.200,Eu também acho que o Fábio
101,Leandro Disconzi (passenger),466.305,468.825,2.520,desculpa pra quem tá chegando atrasado olha se
102,Leandro Disconzi (passenger),469.125,469.485,0.360,"dá,"
103,Leandro Disconzi (passenger),470.065,471.025,0.960,mas é que não dá
104,Passengers (multiple),473.885,477.745,3.860,está a suporte. Eu também acho que para a suporte.
105,Leandro Disconzi (passenger),477.745,478.105,0.360,"ah,"
106,Leandro Disconzi (passenger),479.005,479.665,0.660,también né
107,Leandro Disconzi (passenger),481.845,483.565,1.720,"bom, después que a seguridad veio,"
108,Leandro Disconzi (passenger),484.865,486.845,1.980,foi falei que só vou sair daqui a força
109,Leandro Disconzi (passenger),487.785,489.205,1.420,"mas o principal é que agora eu quero,"
110,Leandro Disconzi (passenger),489.925,495.425,5.500,"tá simplesmente a palavra deles contra mim, tá aparecendo o meu divórcio, tá simplesmente a palavra deles contra mim cadê,"
111,Leandro Disconzi (passenger),495.605,496.405,0.800,cadê a prova
112,Leandro Disconzi (passenger),498.265,499.685,1.420,uma testemunha pelo menos
113,Passengers (multiple),499.765,500.865,1.100,A
114,Passengers (multiple),501.985,505.685,3.700,dona ORLA toda a história dele.
115,Passengers (multiple),514.725,517.065,2.340,"Não, mas beleza, você se avisa Não,"
116,Passengers (multiple),518.485,519.184,0.699,"não, não"
117,Passengers (multiple),519.825,523.684,3.859,"Faz com que eu falasse lá, é dois dias Comprei aqui, falou que sim, vou cancelar, né Tá,"
118,Passengers (multiple),545.525,546.645,1.120,depois vou pra eu
119,Passengers (multiple),563.165,568.485,5.320,"Oi Edson, tudo bem? Eu tô embarcando agora, vou chegar aí só no final do dia, tá"
120,Passengers (multiple),568.705,572.385,3.680,"Eu vou conseguir liberar só no final do dia E na segunda, tá"
121,Joaquin Barraza (Latam security staff),662.565,662.745,0.180,"Vienen en camino las autoridades, si deciden que la bajen con ellos, va a tener más problemas y vamos atrasar mas el vuelo al resto de los pasajeros."
122,Joaquin Barraza (Latam security staff),662.745,665.505,2.760,"Vienen en camino las autoridades, si deciden que la bajen con ellos, va a tener más problemas y vamos atrasar mas el vuelo al resto de los pasajeros."
123,Joaquin Barraza (Latam security staff),665.725,670.825,5.100,"Vienen en camino las autoridades, si deciden que la bajen con ellos, va a tener más problemas y vamos atrasar mas el vuelo al resto de los pasajeros."
124,Leandro Disconzi (passenger),670.825,674.905,4.080,"Mira, el detalle es que ellos tienen que tener un motivo para me sacar del vuelo."
125,Joaquin Barraza (Latam security staff),675.565,678.105,2.540,El personal al ingreso le dijo que no podria embarcar
126,Leandro Disconzi (passenger),678.105,679.185,1.080,"Ya pero por que?, por que se el"
127,Leandro Disconzi (passenger),679.565,688.585,9.020,"sobre el vuelo y se pico comigo. y por, es por eso, entiende?"
128,Leandro Disconzi (passenger),688.985,692.125,3.140,"Pero yo quiero entender el por que, por que tiene que tener un motivo legal para me sacar o impedir de viajar"
129,Leandro Disconzi (passenger),692.545,695.045,2.500,"Pero yo quiero entender el por que, por que tiene que tener un motivo legal para me sacar o impedir de viajar"
130,Joaquin Barraza (Latam security staff),695.725,695.765,0.040,por
131,Leandro Disconzi (passenger),695.765,697.345,1.580,"Entonces, ¿entonces, ah?"
132,Joaquin Barraza (Latam security staff),697.505,698.345,0.840,Por su conduta
133,Leandro Disconzi (passenger),698.525,700.525,2.000,¿Y dónde está la prueba de esta conducta?
134,Joaquin Barraza (Latam security staff),700.945,701.825,0.880,esta en la camara
135,Leandro Disconzi (passenger),702.045,703.465,1.420,¿Y dónde está la cámara? Pruébame.
136,Leandro Disconzi (passenger),703.945,704.525,0.580,¿Y dónde está la cámara? Pruébame.
137,Joaquin Barraza (Latam security staff),704.525,705.085,0.560,No se puede traer ahora.
138,Leandro Disconzi (passenger),705.185,705.545,0.360,¿Ah?
139,Joaquin Barraza (Latam security staff),705.645,706.665,1.020,No se puede traer acá.
140,Joaquin Barraza (Latam security staff),707.185,709.405,2.220,Yo solamente le estoy cumpliendo con informales.
141,Leandro Disconzi (passenger),709.925,710.365,0.440,amigo.
142,Joaquin Barraza (Latam security staff),711.425,712.105,0.680,Usted decide.
143,Leandro Disconzi (passenger),712.105,713.785,1.680,"Si, no,"
144,Joaquin Barraza (Latam security staff),713.785,715.785,2.000,Le está afectando el vuelo a todas las personas
145,Leandro Disconzi (passenger),715.785,717.165,1.380,"Mira, usted están afectando..."
146,Leandro Disconzi (passenger),718.505,719.465,0.960,la vida de todos.
147,Leandro Disconzi (passenger),720.005,721.765,1.760,"Amigo, ¿te estás colocando la culpa a mí?"
148,Joaquin Barraza (Latam security staff),722.525,725.065,2.540,"E  que, no se , no ta colaborando"
149,Leandro Disconzi (passenger),725.605,727.285,1.680,¿Ustedes tienen alguna...
150,Leandro Disconzi (passenger),728.265,730.445,2.180,¿Algún testigo que vio yo pegando un funcionario? ¿Tú tenías algún testigo?
151,Leandro Disconzi (passenger),730.985,734.005,3.020,¿Algún testigo que vio yo pegando un funcionario? ¿Tú tenías algún testigo?
152,Joaquin Barraza (Latam security staff),734.005,734.885,0.880,No mencionado nada sobre pegarle a alguien
153,Comandante (Piloto) Ruiz,734.885,738.005,3.120,"Boa tarde, quem fala e o comandante RUIZ"
154,Passengers (multiple),738.125,738.145,0.020,Não
155,Comandante (Piloto) Ruiz,738.545,740.525,1.980,Queria dar as boas vindas .....
156,Leandro Disconzi (passenger),740.525,740.805,0.280,"como no? como tu ta querendo me tirar del vuelo e e, e no necessitamo a llegar neste punto?"
157,Comandante (Piloto) Ruiz,740.805,741.785,0.980,Queria dar as boas vindas .....
158,Leandro Disconzi (passenger),741.785,743.505,1.720,"como no? como tu ta querendo me tirar del vuelo e e, e no necessitamo a llegar neste punto?"
159,Comandante (Piloto) Ruiz,743.505,744.645,1.140,..Teremos um atraso
160,Leandro Disconzi (passenger),744.645,746.625,1.980,"como no? como tu ta querendo me tirar del vuelo e e, e no necessitamo a llegar neste punto?"
161,Comandante (Piloto) Ruiz,746.625,747.685,1.060,Devido a um procedimento de seguranca. Estamos trabajando para resolver el problema.
162,Comandante (Piloto) Ruiz,748.465,751.185,2.720,Devido a um procedimento de seguranca. Estamos trabajando para resolver el problema.
163,Leandro Disconzi (passenger),751.185,761.805,10.620,"Amigo, a fuerza me saquen. Pero yo voy a filmar todo eso por que no esta correcto. Si ustedes tienen al menos una persona, un otro passagero del vuelo que vio yo pegar alguien..."
164,Comandante (Piloto) Ruiz,761.805,762.265,0.460,Tem para ter
165,Leandro Disconzi (passenger),762.265,764.725,2.460,alguém é que viu eu bater em alguém?
166,Comandante (Piloto) Ruiz,764.725,765.645,0.920,o security próximo.
167,Leandro Disconzi (passenger),765.645,767.705,2.060,alguém viu eu bater em alguém aqui?
168,DGAC (Civil Aviation Authority),768.125,769.665,1.540,"Bien , gracias."
169,DGAC (Civil Aviation Authority),769.665,772.345,2.680,"Caballero, mire, el vuelo está retrasado 20 minutos, necesitamos que nos acompañe."
170,Leandro Disconzi (passenger),772.345,778.965,6.620,"Yo entendí, pero ¿por qué? Yo necesito saber por qué me están sacando del vuelo. Porque yo compré el vuelo a precio horario y estoy volando."
171,DGAC (Civil Aviation Authority),779.045,783.565,4.520,"Exacto, está bien. Pero usted tomó opciones que no correspondem"
172,DGAC (Civil Aviation Authority),784.045,784.845,0.800,Tu mismo se hice el check in
173,DGAC (Civil Aviation Authority),785.565,789.905,4.340,"Usted mismo pasó su tarjeta de embarque por la máquina, lo vimos en cámara así que necesitamos que nos acompañe por algo está el personal que hace el trabajo ya"
174,DGAC (Civil Aviation Authority),790.305,792.045,1.740,"Usted mismo pasó su tarjeta de embarque por la máquina, lo vimos en cámara así que necesitamos que nos acompañe por algo está el personal que hace el trabajo ya"
175,Leandro Disconzi (passenger),794.165,794.685,0.520,"Mira, muéstrame eso porque lo que tú estás me informando, que yo hice..."
176,Leandro Disconzi (passenger),794.685,797.125,2.440,"Mira, muéstrame eso porque lo que tú estás me informando, que yo hice..."
177,DGAC (Civil Aviation Authority),797.765,798.305,0.540,DGAC - Lo vimos en cámara así que necesitamos que nos acompañe por algo está el personal que hace el trabajo ya
178,Leandro Disconzi (passenger),798.385,799.865,1.480,¿Lo qué exactamente?
179,DGAC (Civil Aviation Authority),800.325,804.225,3.900,"Usted no le paso la tarjeta de embarque a la funcionaria, lo hizo solo."
180,DGAC (Civil Aviation Authority),804.945,805.945,1.000,tomó decisiones que no correspondem
181,Leandro Disconzi (passenger),805.945,806.765,0.820,¿Qué funcionario?
182,DGAC (Civil Aviation Authority),807.205,809.085,1.880,En la que estaba afuera recibiendo las tarjetas de embarque.
183,Leandro Disconzi (passenger),809.245,809.945,0.700,¿Ahora?
184,DGAC (Civil Aviation Authority),809.945,810.265,0.320,"Si. Necesitamos que lo acompañe, por favor."
185,DGAC (Civil Aviation Authority),812.065,813.305,1.240,"Si. Necesitamos que lo acompañe, por favor."
186,Leandro Disconzi (passenger),813.305,815.865,2.560,"Amigo, muéstrame acá, porque no está condizendo."
187,DGAC (Civil Aviation Authority),815.885,816.505,0.620,¿La vieron la gente?
188,Leandro Disconzi (passenger),816.505,822.045,5.540,"mira, se tu queres se tu queres me sacar me saca aquela força os dois me levando pero me saca a força"
189,DGAC (Civil Aviation Authority),822.045,822.785,0.740,"Caballero, mire,"
190,Leandro Disconzi (passenger),822.785,825.645,2.860,"espera, porque sem ser a força eu não vou, já?"
191,DGAC (Civil Aviation Authority),825.785,826.985,1.200,"me voy a explicarle, mire caballero,"
192,Leandro Disconzi (passenger),826.985,829.585,2.600,tu explica -me como tu queres eu não vou sair daqui entenda -me isso
193,DGAC (Civil Aviation Authority),827.845,827.905,0.060,pero
194,DGAC (Civil Aviation Authority),829.585,833.045,3.460,"escúchame, lo que pasa es lo siguiente, usted tomó una actitud que no corresponde, y hago el funcionario,"
195,Leandro Disconzi (passenger),833.045,834.105,1.060,quiete tu que não...
196,DGAC (Civil Aviation Authority),834.045,836.905,2.860,"pero déjeme terminar de hablar, y luego yo lo escucho,"
197,Leandro Disconzi (passenger),836.905,837.065,0.160,"já,"
198,DGAC (Civil Aviation Authority),837.065,842.285,5.220,"y usted llegó y ingresó sin que yo lo autorizaran, ya le habían indicado que no podía ingresar, pero déjeme terminar,"
199,DGAC (Civil Aviation Authority),842.565,850.345,7.780,"también lo que sucede acá es lo siguiente, el vuelo no va a partir hasta que usted descienda, y si el vuelo se queda aquí, se queda aquí mucho más tiempo, van a tener que descender todos,"
200,Leandro Disconzi (passenger),850.345,853.525,3.180,"já, amigo amigo, infelizmente infelizmente eu"
201,Leandro Disconzi (passenger),854.905,870.225,15.320,"não vou sair daqui se tu queres me sacar daqui me saquem porque eu creio que vocês não estão corretos em fazer o que estão fazendo um funcionário se picou porque eu lhe disse uma pergunta isso tá sendo algo personal já, mirem a câmera mirem o que querem pero"
202,Leandro Disconzi (passenger),871.045,871.465,0.420,não
203,Leandro Disconzi (passenger),871.725,875.385,3.660,querem me sacar daqui me saquem a força porque daí eu tenho algo
204,Leandro Disconzi (passenger),875.925,878.245,2.320,ademais pra ser um caso
205,DGAC (Civil Aviation Authority),878.245,884.225,5.980,"ok, mire, yo entiendo lo que usted me está explicando, correcto, pero eso que está diciendo usted, lo podemos ver acá afuera, si usted tiene la razón,"
206,Leandro Disconzi (passenger),884.225,894.945,10.720,"mira, eu não vou sair daqui porque se eu sair daqui eu perco o voo e eu tô indo a Brasília eu tenho que chegar a Brasília nesse dia e eu comprei pra sair para hoje para esse voo tu queres me sacar daqui me saque a força a"
207,DGAC (Civil Aviation Authority),894.945,895.305,0.360,"correcto,"
208,Leandro Disconzi (passenger),895.725,896.525,0.800,força eu saio
209,DGAC (Civil Aviation Authority),896.465,900.665,4.200,"El Capitan. El capitan que manda nela aeronave, ya  pedio su desembarque."
210,Leandro Disconzi (passenger),900.665,903.225,2.560,Ya. El manda nela aeronave?
211,DGAC (Civil Aviation Authority),903.385,903.985,0.600,Escucha me. Escucha me
212,DGAC (Civil Aviation Authority),904.285,910.405,6.120,"En este caso, hay que descenderlo. Si tu no deciente, al final lo que va a pasar  es que lo avion se demore  y van a tener que deciender todos y el avion no va partir"
213,Leandro Disconzi (passenger),910.805,911.265,0.460,Mira. Mira..
214,DGAC (Civil Aviation Authority),911.265,912.085,0.820,Se usted no se quiera bajar
215,Leandro Disconzi (passenger),912.085,920.925,8.840,"Mira, ae por un caso personal ustedes van hacer eso todo y mucha gente va a perder"
216,Leandro Disconzi (passenger),921.425,921.825,0.400,"perder su vuelo, perder conexion."
217,Leandro Disconzi (passenger),922.425,924.365,1.940,"Mira. si es tan grave lo que hice pra eso pasar, talvez tengan que me tomar a la fuerza"
218,Leandro Disconzi (passenger),924.665,926.285,1.620,"Mira. si es tan grave lo que hice pra eso pasar, talvez tengan que me tomar a la fuerza"
219,Leandro Disconzi (passenger),927.405,929.345,1.940,"Mira. si es tan grave lo que hice pra eso pasar, talvez tengan que me tomar a la fuerza"
220,DGAC (Civil Aviation Authority),929.365,930.685,1.320,Es que como le digo..por eso.
221,Leandro Disconzi (passenger),930.685,931.265,0.580,Es grave!
222,DGAC (Civil Aviation Authority),931.365,933.765,2.400,"Si, no puede llegar e pasar en una aeronave, exactamente."
223,Leandro Disconzi (passenger),933.765,934.925,1.160,Que pasar en una aeronave?
224,DGAC (Civil Aviation Authority),934.925,936.685,1.760,Tiene que autorizar la persona que esta nel embarque
225,Leandro Disconzi (passenger),936.685,938.225,1.540,me autorizaran nel embarque
226,DGAC (Civil Aviation Authority),938.225,939.585,1.360,"No, no le autorizaran. Por eso nos llamaran"
227,Leandro Disconzi (passenger),939.585,940.605,1.020,Como no me autorizaran?
228,DGAC (Civil Aviation Authority),940.985,943.965,2.980,"La persona que esta a cargo, tiene que indicar a usted que pase segun los procedimentos"
229,Leandro Disconzi (passenger),943.965,945.425,1.460,"AH, no.. Espera, espera. Por lo que estoy sendo acusado?"
230,Leandro Disconzi (passenger),945.705,947.665,1.960,"AH, no.. Espera, espera. Por lo que estoy sendo acusado?"
231,DGAC (Civil Aviation Authority),948.125,949.205,1.080,Por que usted ingreso ...
232,Leandro Disconzi (passenger),949.205,950.485,1.280,Ustedes estan escuchando.
233,Leandro Disconzi (passenger),951.005,962.105,11.100,"Que yo no pase mi tarjeta de embarque para el, el chico del porton"
234,Leandro Disconzi (passenger),962.325,965.805,3.480,"Entiendan eso por favor. Ayuden me aqui,  por que esta se quedando ridiculo todo eso."
235,Leandro Disconzi (passenger),966.205,967.785,1.580,"Por que viran las camaras, viran las camaras. Viran que no hay nada en las camaras e ahora estan diciendo que yo no le mostre."
236,Leandro Disconzi (passenger),968.305,975.965,7.660,"Por que viran las camaras, viran las camaras. Viran que no hay nada en las camaras e ahora estan diciendo que yo no le mostre."
237,Leandro Disconzi (passenger),976.485,979.605,3.120,"Gente, por favor! Ta Mira, hagan lo que quieran por que esta tan ridiculo todo. Hagan lo que quieran."
238,DGAC (Civil Aviation Authority),979.845,981.545,1.700,"Por eso vuelvo a le explicar, por eso mismo lo puede resolver. lo puede resolver ae"
239,DGAC (Civil Aviation Authority),981.545,982.425,0.880,"Por eso vuelvo a le explicar, por eso mismo lo puede resolver. lo puede resolver ae"
240,DGAC (Civil Aviation Authority),982.425,983.285,0.860,"Por eso vuelvo a le explicar, por eso mismo lo puede resolver. lo puede resolver ae"
241,Leandro Disconzi (passenger),983.285,983.965,0.680,"Mira, yo no soy estupido. Yo no voy salir da ca. Entiende?"
242,Leandro Disconzi (passenger),984.245,986.625,2.380,"Mira, yo no soy estupido. Yo no voy salir da ca. Entiende?"
243,Leandro Disconzi (passenger),987.045,987.545,0.500,"Mira, yo no soy estupido. Yo no voy salir da ca. Entiende?"
244,Leandro Disconzi (passenger),988.185,989.045,0.860,Hagan lo que quieran
245,Leandro Disconzi (passenger),991.565,992.005,0.440,"Si. quieres ver la tarjeta? Ya, te mostro la tarjeta"
246,Leandro Disconzi (passenger),992.765,1006.885,14.120,Si mi amigo. Y por que la acusacion que intentaran me sacar de aca antes fue de agresion?
247,Passenger (unidentified),1007.225,1008.725,1.500,No tiene una persona que lo comprova...
248,Passenger (unidentified),1008.725,1009.325,0.600,No tiene una persona que lo comprova...
249,Joaquin Barraza (Latam security staff),1009.285,1011.045,1.760,No mencione nada sobre agression.
250,Leandro Disconzi (passenger),1011.045,1018.985,7.940,"Ohhh, yo tengo gravado amigo, por favor"
251,Leandro Disconzi (passenger),1019.825,1020.165,0.340,E injusticia gente
252,Leandro Disconzi (passenger),1020.165,1022.625,2.460,Eso es discriminacion?!
253,Leandro Disconzi (passenger),1022.965,1025.885,2.920,Eso es por que soy extrangero?
254,Joaquin Barraza (Latam security staff),1025.885,1027.645,1.760,Te negaran el embarque y usted ingreso igual al avion
255,Joaquin Barraza (Latam security staff),1028.444,1031.085,2.641,No le autorizaran el embarque y usted ingreso igual
256,Passenger 2 (unidentified),1031.345,1033.845,2.500,La aeromoca dije que ele fue agresivo na hora del embarque
257,Passenger 2 (unidentified),1033.845,1036.765,2.920,La aeromoca dije que ele fue agresivo na hora del embarque
258,Leandro Disconzi (passenger),1036.964,1037.444,0.480,é
259,Leandro Disconzi (passenger),1038.285,1039.065,0.780,por que você
260,Passengers (multiple),1039.964,1041.744,1.780,Ele
261,Leandro Disconzi (passenger),1042.444,1047.464,5.020,está mira mira onde você está entrando mira onde você está entrando
262,DGAC (Civil Aviation Authority),1048.045,1051.965,3.920,"¿Cómo le explico? Si usted tiene razón en lo que está diciendo, todo eso lo puede aclarar ahí y se lo va a tomar.  Eso no es necesario."
263,Leandro Disconzi (passenger),1051.965,1060.705,8.740,"Mira, yo tengo que estar en Brasilia, yo compré el vuelo y estoy acá, amigo. Si quiere me saca, me saca, acá. A fuerza, a fuerza, a fuerza, a fuerza."
264,DGAC (Civil Aviation Authority),1060.705,1063.385,2.680,No es necesario. se tu puedes aclarar todo y puedes solucionarlo todo de forma correcta
265,Leandro Disconzi (passenger),1063.385,1077.485,14.100,"Yo no tengo que solucionar y limpiar nada, usted tiene que parar de intentar encontrar una solución, una forma de me sacar de acá, porque el piloto no quiere, el piloto no quiere, entonces ustedes están haciendo todo, ya cambiaron de narrativa, ya están con otra."
266,Leandro Disconzi (passenger),1078.045,1079.945,1.900,"Dame un tiempo por favor. Se tiene algo de serio pra hacer, lo haga!"
267,Leandro Disconzi (passenger),1081.325,1083.845,2.520,"Dame un tiempo por favor. Se tiene algo de serio pra hacer, lo haga!"
268,DGAC (Civil Aviation Authority),1084.145,1086.305,2.160,Por eso le digo que tenemos que descender para que así podamos ver la situación
269,Leandro Disconzi (passenger),1086.305,1089.585,3.280,"yo no voy, y qual es la otra opción? yo no voy, punto"
270,DGAC (Civil Aviation Authority),1089.585,1096.465,6.880,"Lamentavelmente esa es la opcion caballero.  No depende de mí, no depende de mi,  yo no soy quien lo ve, solamente vengo aquí a ver el procedimiento."
271,DGAC (Civil Aviation Authority),1098.205,1098.605,0.400,"Lamentavelmente esa es la opcion caballero.  No depende de mí, no depende de mi,  yo no soy quien lo ve, solamente vengo aquí a ver el procedimiento."
272,DGAC (Civil Aviation Authority),1099.805,1102.125,2.320,"Si si claro. Mira, ustedes se"
273,Leandro Disconzi (passenger),1102.365,1106.405,4.040,"Sí, sí, claro. Mira, por ti, se cuida dentro de tu zona, de la... Mira."
274,Leandro Disconzi (passenger),1107.945,1111.345,3.400,"Mira. No hablo mas nada. Yo no hice nada de incorrecto, fui acusado primero."
275,Leandro Disconzi (passenger),1112.025,1118.565,6.540,"Falsa acusación de que yo pegué a un funcionario y ahora falsa acusación de que yo no mostré mi billete. Es ridículo lo que están haciendo, ridículo."
276,Leandro Disconzi (passenger),1118.925,1122.365,3.440,"Falsa acusación de que yo pegué a un funcionario y ahora falsa acusación de que yo no mostré mi billete. Es ridículo lo que están haciendo, ridículo."
277,Leandro Disconzi (passenger),1122.785,1124.625,1.840,"Usted sabe muy bien, y eso que da mas rabia, usted sabe, usted sabe. No sean ridiculos. no sean tan ovejitas."
278,Leandro Disconzi (passenger),1125.045,1132.125,7.080,"Usted sabe muy bien, y eso que da mas rabia, usted sabe, usted sabe. No sean ridiculos. no sean tan ovejitas."
279,Leandro Disconzi (passenger),1137.365,1141.685,4.320,senhora estava ao meu lado quando eu passei ao meu lado
280,DGAC (Civil Aviation Authority),1142.685,1143.945,1.260,¿Cómo? ¿Qué sigue ahí?
281,Leandro Disconzi (passenger),1143.945,1148.585,4.640,chama o capitão aqui por favor que seja o capitão qual é o problema capitão?
282,DGAC (Civil Aviation Authority),1149.005,1153.905,4.900,A nosotros llego la informacion de que hay la denuncia. Se el no se baja el avion no va a salir.
283,DGAC (Civil Aviation Authority),1155.165,1161.405,6.240,"Lamentavelmente esta es la decision que tomo la compania aerea, el capitan. Y lo vemos nosotros."
284,Leandro Disconzi (passenger),1161.405,1168.625,7.220,"Ya amigo, y dae entonces. Disculpe a todos, pero si es eso que tengo que pasar es eso que vai pasar. punto"
285,Leandro Disconzi (passenger),1169.185,1169.685,0.500,"Ya amigo, y dae entonces. Disculpe a todos, pero si es eso que tengo que pasar es eso que vai pasar. punto"
286,Leandro Disconzi (passenger),1170.305,1170.405,0.100,"Punto. Yo no salgo da ca se no sea a fuerza, yo no salgo da ca."
287,Leandro Disconzi (passenger),1170.405,1173.585,3.180,"Punto. Yo no salgo da ca se no sea a fuerza, yo no salgo da ca."
288,DGAC (Civil Aviation Authority),1173.585,1175.985,2.400,"O que le aconsejo es que usted, usted esta lo correcto y no hice nada de incorrecto, baje aclare la situacion.."
289,DGAC (Civil Aviation Authority),1175.985,1176.465,0.480,"O que le aconsejo es que usted, usted esta lo correcto y no hice nada de incorrecto, baje aclare la situacion.."
290,DGAC (Civil Aviation Authority),1176.465,1176.805,0.340,"O que le aconsejo es que usted, usted esta lo correcto y no hice nada de incorrecto, baje aclare la situacion.."
291,DGAC (Civil Aviation Authority),1177.225,1177.405,0.180,"O que le aconsejo es que usted, usted esta lo correcto y no hice nada de incorrecto, baje aclare la situacion.."
292,Leandro Disconzi (passenger),1177.405,1186.065,8.660,"No, No. Pruebame lo que estan deciendo y dae bajo. Pruebame lo que estan diciendo. Las dos acusaciones. De la agresion e que no mostre mi billete."
293,DGAC (Civil Aviation Authority),1186.065,1187.665,1.600,"Para aclarar lo que tu dice, tenemos que decender y ae si."
294,DGAC (Civil Aviation Authority),1187.665,1188.685,1.020,"Para aclarar lo que tu dice, tenemos que decender y ae si."
295,DGAC (Civil Aviation Authority),1188.685,1188.925,0.240,por eso le
296,Leandro Disconzi (passenger),1188.925,1192.985,4.060,Amigo? para aclarar tenemos que descender? Yo no voy descer y punto. Tu entiende que..
297,Leandro Disconzi (passenger),1193.205,1199.805,6.600,Mira. Yo entiendo que tu ta haciendo tu pega. Pero es ridiculo lo que esta haciendo. Yo no voy a bajar y simples. Mi saca da ca a fuerza que dai tiene agresion nel meo.
298,DGAC (Civil Aviation Authority),1199.805,1201.165,1.360,"Amigo, no va a salir el avion con usted aca"
299,Leandro Disconzi (passenger),1201.165,1206.725,5.560,"Bueno. Mira el problema que va a tener para la Latam. No me importo, no podria me importar un poco menos"
300,Leandro Disconzi (passenger),1208.165,1208.665,0.500,Yo no voy bajar. Por que no tengo un motivo para bajar.
301,Leandro Disconzi (passenger),1209.745,1212.345,2.600,Yo no voy bajar. Por que no tengo un motivo para bajar.
302,Leandro Disconzi (passenger),1212.345,1215.325,2.980,Yo no voy bajar. Por que no tengo un motivo para bajar.
303,Leandro Disconzi (passenger),1215.605,1217.065,1.460,Yo no voy bajar. Por que no tengo un motivo para bajar.
304,Leandro Disconzi (passenger),1221.365,1224.145,2.780,Desculpa a todos. pero yo no voy bajar.
305,Leandro Disconzi (passenger),1225.645,1228.145,2.500,eu bajo vocês me sacam por força eu
306,Leandro Disconzi (passenger),1228.465,1229.105,0.640,saio
307,Leandro Disconzi (passenger),1229.605,1230.845,1.240,pero que me saquem de cá
308,Passengers (multiple),1231.545,1234.905,3.360,"não tá errado A gente tá errado, a gente tem que descer sem hora Cara,"
309,Leandro Disconzi (passenger),1235.125,1236.465,1.340,sim está ridículo
310,Leandro Disconzi (passenger),1238.085,1240.625,2.540,"Entonces, entonces Entonces,"
311,Leandro Disconzi (passenger),1240.625,1244.305,3.680,exatamente exatamente é porque já não estão acostumados cara
312,Passengers (multiple),1244.905,1246.185,1.280,já tá entendendo minha conexão
313,Leandro Disconzi (passenger),1246.085,1247.345,1.260,"chico Entonces,"
314,Passengers (multiple),1247.345,1249.225,1.880,"Ele não tá aí, technology"
315,DGAC (Civil Aviation Authority),1251.445,1255.065,3.620,"es que caballero, no funciona así cuando se dice que va a matar a una persona,"
316,Leandro Disconzi (passenger),1255.065,1255.945,0.880,"chico Entonces,"
317,DGAC (Civil Aviation Authority),1255.945,1262.485,6.540,"en ese caso, el avión no se va a mover, y luego va a tener que decirlo todo, y luego va a llegar acá a la policía, y todo, para tener que decirlo,"
318,Passengers (multiple),1263.205,1265.205,2.000,Ele vai ficar
319,DGAC (Civil Aviation Authority),1265.205,1271.365,6.160,"eso es lo que estamos evitando, que no, que eso es lo que estamos evitando, que no bajen todo, porque su viaje no quiere querer ser afectado por el resto, y eso es la mano de la situación del caballero,"
320,Passengers (multiple),1272.885,1273.025,0.140,"Então,"
321,DGAC (Civil Aviation Authority),1273.025,1274.405,1.380,"por eso estamos intentando conversar con él,"
322,Passengers (multiple),1274.405,1281.225,6.820,"não tem a palavra Ele não vai ficar no final do dia Ele não vai ficar no final do dia Devemos haver over o dia Não vai ficar no final do dia Não sabe não, porque não quer ir"
323,Leandro Disconzi (passenger),1281.305,1287.965,6.660,desculpa mesmo todo mundo mas eu não não é a primeira vez que eles tentam fazer eles teatral sim
324,Passenger 1 (f),1287.965,1292.025,4.060,Have you checked the information?
325,DGAC (Civil Aviation Authority),1292.545,1297.225,4.680,"What I see, I cheque, I checked"
326,Passengers (multiple),1297.485,1298.665,1.180,pasajeros questionando las narrativas
327,Passengers (multiple),1298.825,1305.025,6.200,pasajeros questionando las narrativas
328,Passenger 3 (f),1307.845,1308.625,0.780,"Están acusando de una cosa , que sea acusado de lo mismo, pero ahora vienen con otra versión."
329,Passenger 3 (f),1308.625,1314.125,5.500,"Están acusando de una cosa , que sea acusado de lo mismo, pero ahora vienen con otra versión."
330,Leandro Disconzi (passenger),1314.125,1314.405,0.280,"¿Por qué no, no, no?"
331,Passenger 3 (f),1315.345,1317.365,2.020,Ahora que pasó solo. Entonces está muy mal.
332,Passenger 3 (f),1317.665,1319.245,1.580,Ahora que pasó solo. Entonces está muy mal.
333,DGAC (Civil Aviation Authority),1319.245,1320.585,1.340,Yo como le digo: Yo hablo por lo que yo Hablo
334,Passenger 3 (f),1320.625,1321.105,0.480,"Claro, Pero es que aquí han venido con distintas versiones. Y los únicos que se han retrasado en el vuelo somos nosotros."
335,Passenger 3 (f),1321.105,1321.525,0.420,"Claro, Pero es que aquí han venido con distintas versiones. Y los únicos que se han retrasado en el vuelo somos nosotros."
336,Passenger 3 (f),1321.525,1327.365,5.840,"Claro, Pero es que aquí han venido con distintas versiones. Y los únicos que se han retrasado en el vuelo somos nosotros."
337,DGAC (Civil Aviation Authority),1327.365,1327.725,0.360,exatamente
338,Passenger 3 (f),1327.725,1331.085,3.360,"Y Queremos llegar, Hay gente que tiene combinacion a otra parte que va a perder su combinación a otras parte que va perder que va perder su combinacion y Lan va a responder??"
339,Passenger 3 (f),1331.245,1334.285,3.040,"Y Queremos llegar, Hay gente que tiene combinacion a otra parte que va a perder su combinación a otras parte que va perder que va perder su combinacion y Lan va a responder??"
340,DGAC (Civil Aviation Authority),1334.285,1334.845,0.560,Eso es lo que queremos evitar que vieran
341,Passenger 3 (f),1334.845,1340.245,5.400,"Por que quando un vuelo retrasa, lo reprogramam pra tres dias despues desques de quando uno quiere llegar"
342,Passenger 3 (f),1341.225,1341.945,0.720,Exactamente.
343,DGAC (Civil Aviation Authority),1341.945,1344.765,2.820,"Es que como le digo, así es como funciona."
344,DGAC (Civil Aviation Authority),1345.445,1349.665,4.220,"No es decision mia, no es como depende de mi."
345,DGAC (Civil Aviation Authority),1349.905,1351.185,1.280,"No es decision mia, no es como depende de mi."
346,Passenger 4 (m),1351.185,1353.405,2.220,Vas a tener que arrastralo por el pasillo
347,Leandro Disconzi (passenger),1353.405,1354.725,1.320,si
348,DGAC (Civil Aviation Authority),1354.725,1355.425,0.700,Esperemos que no
349,DGAC (Civil Aviation Authority),1355.425,1355.985,0.560,Esperemos que no
350,Leandro Disconzi (passenger),1356.265,1358.025,1.760,"Ok, por favor graben al máximo, cuando eso pase."
351,Leandro Disconzi (passenger),1358.225,1359.585,1.360,"Ok, por favor graben al máximo, cuando eso pase."
352,Passenger 3 (f),1359.585,1363.225,3.640,"Y ya fueron grabados, todo el mundo está grabado."
353,Passenger 3 (f),1363.225,1364.365,1.140,"Y ya fueron grabados, todo el mundo está grabado."
354,Passenger 3 (f),1364.065,1364.265,0.200,"Y ya fueron grabados, todo el mundo está grabado."
355,DGAC (Civil Aviation Authority),1370.525,1371.165,0.640,"Aló, José."
356,DGAC (Civil Aviation Authority),1374.205,1375.005,0.800,"No hay caso, no hay caso."
357,DGAC (Civil Aviation Authority),1375.185,1376.045,0.860,"No hay caso, no hay caso."
358,Leandro Disconzi (passenger),1378.105,1379.585,1.480,"Buenas tardes, ¿cómo estás?"
359,PDI (Investigative Police),1379.705,1383.505,3.800,en la misma situación que mis compañeros. Estamos tratando de identificar qué es lo que pasó. ya
360,Leandro Disconzi (passenger),1383.505,1389.685,6.180,"Ya, pero usted tiene que primero llegar a una conclusión de lo que pasó para después intentar sacarme del vuelo."
361,PDI 2 (Investigative Police),1389.685,1391.165,1.480,Por eso venimos hablar con usted
362,Leandro Disconzi (passenger),1391.465,1392.265,0.800,¿Ya?¿
363,PDI 2 (Investigative Police),1392.265,1395.545,3.280,"Qué fue lo que ocurrió arriba? para tener ma, mayor idea"
364,Leandro Disconzi (passenger),1395.545,1396.785,1.240,"Usted tiene cámaras, porque si tú no sabes lo que pasó arriba, y esta intentando me sacar del vuelo."
365,Leandro Disconzi (passenger),1397.145,1401.705,4.560,"Usted tiene cámaras, porque si tú no sabes lo que pasó arriba, y esta intentando me sacar del vuelo."
366,PDI 2 (Investigative Police),1401.705,1403.265,1.560,"Yo estoy conversando con usted, por eso yo estoy tratando de...lo que ocurrió?"
367,PDI 2 (Investigative Police),1403.265,1404.105,0.840,"Yo estoy conversando con usted, por eso yo estoy tratando de...lo que ocurrió?"
368,PDI 2 (Investigative Police),1404.105,1404.525,0.420,"Yo estoy conversando con usted, por eso yo estoy tratando de...lo que ocurrió?"
369,Leandro Disconzi (passenger),1404.525,1408.585,4.060,Yo estoy te preguntando? Lo que paso arriba?  ¿De qué estás me acusando ahora?
370,PDI 2 (Investigative Police),1409.505,1409.845,0.340,¿Como?
371,Leandro Disconzi (passenger),1409.845,1412.425,2.580,¿De qué estás me acusando ahora?
372,PDI 2 (Investigative Police),1412.425,1417.185,4.760,"que fue lo que ocurrió arriba, para que yo pueda entender y así ver..."
373,Leandro Disconzi (passenger),1417.185,1425.425,8.240,"No, yo imaginaba que tú, para estar acá hablando conmigo ahora, ya tuviese que tener entendido eso para estar hablando conmigo."
374,PDI 2 (Investigative Police),1425.425,1427.425,2.000,Claro! A nosotros nos enviaron por una situacion
375,PDI 2 (Investigative Police),1427.425,1428.625,1.200,"A mi, lo unico que han mencionado e que... nada"
376,PDI 2 (Investigative Police),1428.625,1429.505,0.880,estan te pasando poca información amigo.
377,Leandro Disconzi (passenger),1430.225,1431.825,1.600,estan te pasando poca información.
378,PDI 2 (Investigative Police),1431.985,1433.765,1.780,"A mi, lo unico que han mencionado e que..."
379,Leandro Disconzi (passenger),1433.765,1435.885,2.120,Esa fue la segunda.
380,PDI 2 (Investigative Police),1436.065,1436.405,0.340,¿Como?
381,Leandro Disconzi (passenger),1436.465,1437.925,1.460,"mano de la persona que está acusando de que yo la pegué. Ahora, miraron la cámara, porque"
382,PDI 2 (Investigative Police),1438.765,1442.325,3.560,"Mira, lo que se nos informó fue que usted había hecho ingreso de la puerta de embarque hacia acá"
383,PDI 2 (Investigative Police),1442.525,1444.345,1.820,"Mira, lo que se nos informó fue que usted había hecho ingreso de la puerta de embarque hacia acá"
384,PDI 2 (Investigative Police),1444.345,1445.545,1.200,"No, si ta bien."
385,PDI 2 (Investigative Police),1445.545,1447.165,1.620,Sin haver...he...
386,Leandro Disconzi (passenger),1447.165,1453.125,5.960,de la persona que está acusando de que yo la pegué.
387,Leandro Disconzi (passenger),1453.505,1455.305,1.800,de la persona que está acusando de que yo la pegué.
388,DGAC (Civil Aviation Authority),1455.545,1456.885,1.340,"No, si ta bien."
389,DGAC (Civil Aviation Authority),1456.885,1457.405,0.520,"No, si ta bien."
390,Leandro Disconzi (passenger),1457.405,1464.965,7.560,"Que vieron acá y intentaron me sacar porque yo hice una agresión y que tenían eso en cámara, entonces yo pedi que mirasen las cameras..."
391,PDI 2 (Investigative Police),1464.965,1465.545,0.580,Ha me nunca mencionado eso.
392,Leandro Disconzi (passenger),1465.545,1469.825,4.280,y ahora .. mira entonces ustedes tienen que trabajar mejor con la informacion interna de ustedes
393,PDI 2 (Investigative Police),1469.825,1471.685,1.860,Yo Stoy hablando con usted..estoy conversando . tratando de una version para entender..
394,PDI 2 (Investigative Police),1471.685,1472.605,0.920,Yo Stoy hablando con usted..estoy conversando . tratando de una version para entender..
395,PDI 2 (Investigative Police),1472.605,1472.925,0.320,Yo Stoy hablando con usted..estoy conversando . tratando de una version para entender..
396,Leandro Disconzi (passenger),1472.925,1481.405,8.480,de estar atrasando el vuelo de todos los que están acá
397,DGAC (Civil Aviation Authority),1481.605,1481.965,0.360,"Si, totalmente"
398,Leandro Disconzi (passenger),1481.965,1483.625,1.660,"por una mentira, por algo"
399,Leandro Disconzi (passenger),1483.725,1483.905,0.180,"por una mentira, por algo"
400,Leandro Disconzi (passenger),1483.905,1484.525,0.620,"por una mentira, por algo"
401,DGAC (Civil Aviation Authority),1484.525,1484.865,0.340,"Mire. No, sí, está bien. Está bien, mire."
402,DGAC (Civil Aviation Authority),1485.325,1486.765,1.440,"Mire. No, sí, está bien. Está bien, mire."
403,DGAC (Civil Aviation Authority),1487.605,1488.365,0.760,"El lo que Yo, nosotros somos de la Dirección General de Aeronautica Civil, a nosotros, cuando se nos hace una solicitud, nosotros solo acudimos al lugar que fue lo que nos ocurrió ahora. ya?"
404,DGAC (Civil Aviation Authority),1488.925,1497.965,9.040,"El lo que Yo, nosotros somos de la Dirección General de Aeronautica Civil, a nosotros, cuando se nos hace una solicitud, nosotros solo acudimos al lugar que fue lo que nos ocurrió ahora. ya?"
405,DGAC (Civil Aviation Authority),1491.745,1491.885,0.140,"El lo que Yo, nosotros somos de la Dirección General de Aeronautica Civil, a nosotros, cuando se nos hace una solicitud, nosotros solo acudimos al lugar que fue lo que nos ocurrió ahora. ya?"
406,DGAC (Civil Aviation Authority),1497.965,1499.365,1.400,"Ahora, la persona de la compañía menciona su parte y usted también tiene lo suyo, y eso es totalmente..."
407,DGAC (Civil Aviation Authority),1499.365,1504.165,4.800,"Ahora, la persona de la compañía menciona su parte y usted también tiene lo suyo, y eso es totalmente..."
408,Leandro Disconzi (passenger),1504.165,1506.285,2.120,"Pero entonces mira la cámara y listo, piede a un testigo"
409,Leandro Disconzi (passenger),1506.285,1506.465,0.180,"Pero entonces mira la cámara y listo, piede a un testigo"
410,Leandro Disconzi (passenger),1506.465,1507.305,0.840,"Pero entonces mira la cámara y listo, piede a un testigo"
411,DGAC (Civil Aviation Authority),1507.305,1508.665,1.360,"ya, pero, por eso, déjeme explicar, cuando el capitán hace una solicitud de desembarque del pasajero"
412,DGAC (Civil Aviation Authority),1508.825,1512.065,3.240,"ya, pero, por eso, déjeme explicar, cuando el capitán hace una solicitud de desembarque del pasajero"
413,Leandro Disconzi (passenger),1512.065,1515.045,2.980,"Yo entiendo que el capitán es el que manda en el final, pero"
414,Leandro Disconzi (passenger),1515.225,1516.385,1.160,pero no voy.
415,DGAC (Civil Aviation Authority),1516.385,1517.625,1.240,"Ya, pero. esta bien."
416,DGAC (Civil Aviation Authority),1518.165,1520.025,1.860,"Es que no se puede porque... Pero estoy hablando con él, ya."
417,DGAC (Civil Aviation Authority),1520.285,1521.565,1.280,"Es que no se puede porque... Pero estoy hablando con él, ya."
418,DGAC (Civil Aviation Authority),1522.185,1526.085,3.900,"Entonces, ¿cómo le digo? Cuando existe una solicitud, nosotros debemos desembarcar a la persona. ¡Ahora!"
419,Leandro Disconzi (passenger),1526.085,1528.445,2.360,Sin ningún tipo de...
420,DGAC (Civil Aviation Authority),1528.445,1531.365,2.920,"Usted lo tiene que declarar ante PDI. Nosotros no somos PDI, ¿ya?"
421,DGAC (Civil Aviation Authority),1531.765,1532.165,0.400,"Usted lo tiene que declarar ante PDI. Nosotros no somos PDI, ¿ya?"
422,DGAC (Civil Aviation Authority),1533.045,1534.625,1.580,¿Pero no va a descender entonces?
423,Leandro Disconzi (passenger),1534.625,1535.625,1.000,¡Claramente que no!
424,DGAC (Civil Aviation Authority),1535.625,1536.425,0.800,Claramente que no
425,Leandro Disconzi (passenger),1536.425,1537.125,0.700,"Claramente, que no"
426,Passenger 5 (m),1537.125,1537.785,0.660,ya tiene media hora que ta en esse chamuyo
427,Passenger 5 (m),1538.765,1540.725,1.960,ya tiene media hora que ta en esse chamuyo
428,Passenger 5 (m),1541.285,1543.825,2.540,ya tiene media hora que ta en esse chamuyo
429,Passenger 5 (m),1543.825,1544.205,0.380,Yo lo se que voy perder mi conexion.
430,Passenger 5 (m),1544.045,1544.485,0.440,Yo lo se que voy perder mi conexion.
431,Passenger 5 (m),1544.485,1545.945,1.460,Yo lo se que voy perder mi conexion.
432,Passenger 5 (m),1546.865,1547.925,1.060,Yo lo se que voy perder mi conexion.
433,Passenger 5 (m),1549.985,1551.105,1.120,Yo lo se que voy perder mi conexion.
434,Passenger 5 (m),1552.365,1554.725,2.360,Yo lo se que voy perder mi conexion.
435,Passenger 5 (m),1554.725,1555.425,0.700,Yo lo se que voy perder mi conexion.
436,Passenger 5 (m),1555.425,1556.605,1.180,Yo lo se que voy perder mi conexion.
437,Leandro Disconzi (passenger),1568.945,1571.125,2.180,sai bufa sai nada
438,Leandro Disconzi (passenger),1573.625,1576.805,3.180,já tem um rolando já tem seis meses
439,Leandro Disconzi (passenger),1580.365,1583.085,2.720,atrasam o voo depois não fazem nada
440,Leandro Disconzi (passenger),1585.305,1587.845,2.540,"Se chatearam por que eu questionei, simplesmente"
441,Leandro Disconzi (passenger),1588.405,1590.925,2.520,"Se chatearam por que eu questionei, simplesmente"
442,Leandro Disconzi (passenger),1592.125,1594.285,2.160,"Se chatearam por que eu questionei, simplesmente"
443,Leandro Disconzi (passenger),1595.205,1595.965,0.760,"Se chatearam por que eu questionei, simplesmente"
444,Leandro Disconzi (passenger),1596.665,1599.085,2.420,"Se chatearam por que eu questionei, simplesmente"
445,Passenger 4 (m),1601.705,1605.705,4.000,E a Latam vai querer colocar a culpa em voce invez de resolver o problema.
446,Passenger 4 (m),1605.705,1612.585,6.880,"A culpa e sua, eles disseram! (passengers laughing)"
447,Passenger 4 (m),1614.085,1614.765,0.680,"A culpa e sua, eles disseram! (passengers laughing)"
448,Passenger 4 (m),1616.705,1617.225,0.520,"A culpa e sua, eles disseram! (passengers laughing)"
449,Passenger 4 (m),1618.685,1620.105,1.420,"A culpa e sua, eles disseram! (passengers laughing)"
450,Leandro Disconzi (passenger),1620.645,1621.885,1.240,de verdade está sendo
451,Leandro Disconzi (passenger),1622.305,1623.505,1.200,para vocês está sendo
452,Leandro Disconzi (passenger),1626.745,1628.025,1.280,não é porque ah
453,Leandro Disconzi (passenger),1629.925,1630.645,0.720,mas
454,Leandro Disconzi (passenger),1631.245,1631.805,0.560,mas
455,Leandro Disconzi (passenger),1632.145,1633.665,1.520,que vem a força que
456,Leandro Disconzi (passenger),1635.205,1636.205,1.000,vem no braço
457,Leandro Disconzi (passenger),1640.465,1640.885,0.420,claro
458,Passenger 6 (f),1643.005,1647.065,4.060,As regras do Chile..eles sao o capeta.
459,Passenger 6 (f),1647.985,1648.545,0.560,As regras do Chile..eles sao o capeta.
460,Passenger 6 (f),1648.545,1648.765,0.220,As regras do Chile..eles sao o capeta.
461,Passenger 6 (f),1651.665,1653.685,2.020,As regras do Chile..eles sao o capeta.
462,Passenger 6 (f),1654.385,1658.885,4.500,As regras do Chile..eles sao o capeta.
463,Leandro Disconzi (passenger),1659.425,1661.225,1.800,¿Eh?
464,Leandro Disconzi (passenger),1663.485,1664.565,1.080,¿Cuál fue el primer motivo por el que te fuiste a sacar? Porque yo tenía agredido a alguien.
465,Leandro Disconzi (passenger),1665.325,1666.125,0.800,¿Cuál fue el primer motivo por el que te fuiste a sacar? Porque yo tenía agredido a alguien.
466,Leandro Disconzi (passenger),1668.545,1669.725,1.180,já pode parar para o drama
467,DGAC (Civil Aviation Authority),1669.725,1670.265,0.540,"Bien, tranquilo."
468,Leandro Disconzi (passenger),1671.045,1671.885,0.840,já suéltame
469,DGAC (Civil Aviation Authority),1672.745,1673.745,1.000,"Ya, chiquillo. Ya,"
470,Leandro Disconzi (passenger),1673.745,1674.105,0.360,já e
471,Leandro Disconzi (passenger),1674.365,1674.925,0.560,agora
472,DGAC (Civil Aviation Authority),1675.225,1676.245,1.020,"pues chicos, vamos."
473,Leandro Disconzi (passenger),1676.445,1678.065,1.620,pode soltar um pouco
474,Leandro Disconzi (passenger),1679.145,1679.425,0.280,entonces
475,Leandro Disconzi (passenger),1680.565,1687.325,6.760,"Entremos el baño para tener que ver con lo que estaba listo Pero después el segundo nivel para añadir la situación Para que se ve maiza Ya chiquillo, está listo"
476,Leandro Disconzi (passenger),1691.325,1692.745,1.420,Acompáñate Para
477,Leandro Disconzi (passenger),1695.645,1695.965,0.320,que
478,Leandro Disconzi (passenger),1697.365,1698.725,1.360,vamos fazer que estamos fazendo
479,DGAC (Civil Aviation Authority),1699.525,1700.205,0.680,Venga.
480,Leandro Disconzi (passenger),1700.165,1700.545,0.380,vamos
481,DGAC (Civil Aviation Authority),1700.545,1701.765,1.220,"Con policía, bravo. Venga, vamos."
482,Leandro Disconzi (passenger),1701.765,1702.725,0.960,com policia
483,Leandro Disconzi (passenger),1703.465,1704.325,0.860,já bueno
484,Leandro Disconzi (passenger),1705.345,1707.165,1.820,bueno bueno la la
485,DGAC (Civil Aviation Authority),1707.165,1708.045,0.880,La caseta se le dice.
486,Leandro Disconzi (passenger),1708.045,1710.025,1.980,la grabación de las cámeras está também la
487,Leandro Disconzi (passenger),1711.085,1713.005,1.920,grabación de las cámeras também tá
488,DGAC (Civil Aviation Authority),1713.005,1714.165,1.160,"Vamos, vamos."
489,Leandro Disconzi (passenger),1714.165,1714.565,0.400,tá sí
490,DGAC (Civil Aviation Authority),1714.585,1715.385,0.800,"Vamos, ahí la..."
491,Leandro Disconzi (passenger),1717.885,1718.985,1.100,mira isso é
492,Leandro Disconzi (passenger),1720.825,1721.725,0.900,é um absurdo
493,DGAC (Civil Aviation Authority),1722.565,1724.485,1.920,"¿Cómo que puso que se muertes, amor?"
494,Leandro Disconzi (passenger),1724.485,1725.105,0.620,escuchar
495,Leandro Disconzi (passenger),1727.805,1730.865,3.060,tem a câmera certo tem a gravação
496,Leandro Disconzi (passenger),1731.385,1732.005,0.620,já já
497,Leandro Disconzi (passenger),1732.325,1732.765,0.440,se
498,Leandro Disconzi (passenger),1733.185,1735.405,2.220,tem a gravação bacana ela assinou
499,Leandro Disconzi (passenger),1735.745,1736.605,0.860,"Ahí, es difícil"
500,Leandro Disconzi (passenger),1740.425,1740.705,0.280,ó já
501,Leandro Disconzi (passenger),1740.705,1740.745,0.040,Vamos
502,Leandro Disconzi (passenger),1742.385,1744.065,1.680,"No,"
503,DGAC & PDI,1745.625,1754.605,8.980,"¿Ya? Entrego entonces los caracoles de cuando yo estaba listo que no fue por el segundo nivel para ganar la situación. ¿Para que se vea maíz, eh? Por eso, lo entrego de nuevo. Ya, chiquillo. ¿Estás listo? Ya. Ya. Ya."
504,"SPEAKER_02 [official, untranscribed]",1754.945,1755.385,0.440,[untranscribed]
505,Leandro Disconzi (passenger),1755.665,1757.845,2.180,Me voy a soltar un poco porque quiero...
506,Leandro Disconzi (passenger),1758.045,1759.845,1.800,ah o te sabe
507,Leandro Disconzi (passenger),1760.345,1760.705,0.360,não
508,Leandro Disconzi (passenger),1761.105,1762.525,1.420,"no es No, no, no"
509,Leandro Disconzi (passenger),1762.185,1762.285,0.100,mira
510,Leandro Disconzi (passenger),1762.885,1764.765,1.880,agression agression
511,Leandro Disconzi (passenger),1765.365,1766.725,1.360,agression agression
512,Leandro Disconzi (passenger),1767.505,1770.685,3.180,não toca tu não pode tocar me é como
513,Leandro Disconzi (passenger),1776.965,1778.105,1.140,tá tá tá
514,Leandro Disconzi (passenger),1778.785,1779.925,1.140,tá cômico isso
515,Leandro Disconzi (passenger),1781.045,1782.205,1.160,Jesus Christ
516,Leandro Disconzi (passenger),1800.745,1801.725,0.980,"Camila, Camila."
517,Leandro Disconzi (passenger),1803.545,1805.025,1.480,¿Qué vamos a hacer? ¿Qué estamos haciendo?
518,Leandro Disconzi (passenger),1805.025,1805.225,0.200,¿Qué vamos a hacer? ¿Qué estamos haciendo?
519,Leandro Disconzi (passenger),1805.325,1809.285,3.960,¿Qué vamos a hacer? ¿Qué estamos haciendo?
520,DGAC & PDI,1809.805,1811.145,1.340,¡Vamos con policía!
521,Leandro Disconzi (passenger),1811.665,1812.645,0.980,"Ya, bueno."
522,Leandro Disconzi (passenger),1812.885,1813.485,0.600,"Bueno, bueno. La, la."
523,Leandro Disconzi (passenger),1813.485,1822.645,9.160,"Ya, si se tiene la grabación bacana, pero si no..."
524,"SPEAKER_02 [official, untranscribed]",1823.085,1826.945,3.860,[untranscribed]
525,Leandro Disconzi (passenger),1828.345,1828.565,0.220,ok
526,Leandro Disconzi (passenger),1828.565,1829.365,0.800,"¡No toques, tú no puedes tocarme!"
527,"SPEAKER_02 [official, untranscribed]",1829.585,1830.885,1.300,???¡Paita!
528,"SPEAKER_02 [official, untranscribed]",1830.785,1831.925,1.140,???¡Paita!
529,"SPEAKER_02 [official, untranscribed]",1831.925,1833.145,1.220,???¡Paita!
530,Leandro Disconzi (passenger),1833.145,1835.445,2.300,!Está cómico eso!
531,Leandro Disconzi (passenger),1835.845,1836.225,0.380,!Está cómico eso!
532,DGAC & PDI,1837.845,1839.905,2.060,"Si, pero camina, pero camina. No, si tu te paras ahí yo te voy a empujar, porque tienes que seguirnos."
533,Leandro Disconzi (passenger),1840.205,1855.305,15.100,"Ah, ya no es así, lo que yo quiera. Yo nunca he hecho lo que yo quiera."
534,Leandro Disconzi (passenger),1855.305,1858.765,3.460,"Yo cumplí. Y ahora sí tú me pruebas que yo no cumplí, bacana, pero yo la cumplí."
535,Leandro Disconzi (passenger),1858.765,1860.205,1.440,"Yo cumplí. Y ahora sí tú me pruebas que yo no cumplí, bacana, pero yo la cumplí."
536,DGAC & PDI,1860.425,1864.645,4.220,"Cuando yo te dije, bajémonos, conversemos abajo, hagamos las cosas bien, hubiese sido distinto."
537,Leandro Disconzi (passenger),1865.105,1867.905,2.800,"Para mi amigo, para mi amigo ¡Mira!"
538,Leandro Disconzi (passenger),1868.445,1868.945,0.500,Tiene que tener un motivo para me sacar del avión.
539,Leandro Disconzi (passenger),1869.725,1871.205,1.480,Tiene que tener un motivo para me sacar del avión.
540,DGAC & PDI,1871.405,1871.485,0.080,Los motivos los dio la compañía y es lo ....
541,DGAC & PDI,1871.485,1872.145,0.660,Los motivos los dio la compañía y es lo ....
542,DGAC & PDI,1871.945,1872.005,0.060,Los motivos los dio la compañía y es lo ....
543,Leandro Disconzi (passenger),1873.685,1874.005,0.320,"Y los motivos son cambiados, ¿por qué fue cambiado? Pero, pero, pero, pero, yo esperaría que tú, ya que eres de la Segurancia, fuese a verificar esas informaciones. Si no son correctas, no son correctas."
544,Leandro Disconzi (passenger),1874.405,1875.365,0.960,"Y los motivos son cambiados, ¿por qué fue cambiado? Pero, pero, pero, pero, yo esperaría que tú, ya que eres de la Segurancia, fuese a verificar esas informaciones. Si no son correctas, no son correctas."
545,Leandro Disconzi (passenger),1875.545,1876.205,0.660,"Y los motivos son cambiados, ¿por qué fue cambiado? Pero, pero, pero, pero, yo esperaría que tú, ya que eres de la Segurancia, fuese a verificar esas informaciones. Si no son correctas, no son correctas."
546,Leandro Disconzi (passenger),1876.245,1879.865,3.620,"Y los motivos son cambiados, ¿por qué fue cambiado? Pero, pero, pero, pero, yo esperaría que tú, ya que eres de la Segurancia, fuese a verificar esas informaciones. Si no son correctas, no son correctas."
547,Leandro Disconzi (passenger),1880.465,1881.025,0.560,"Y los motivos son cambiados, ¿por qué fue cambiado? Pero, pero, pero, pero, yo esperaría que tú, ya que eres de la Segurancia, fuese a verificar esas informaciones. Si no son correctas, no son correctas."
548,Leandro Disconzi (passenger),1883.785,1885.405,1.620,"Y los motivos son cambiados, ¿por qué fue cambiado? Pero, pero, pero, pero, yo esperaría que tú, ya que eres de la Segurancia, fuese a verificar esas informaciones. Si no son correctas, no son correctas."
549,DGAC & PDI,1885.705,1886.405,0.700,Eso tú lo tienes que conversar con la compañia.
550,DGAC & PDI,1887.525,1888.205,0.680,Eso tú lo tienes que conversar con la compañia.
551,DGAC & PDI,1889.465,1890.425,0.960,Eso tú lo tienes que conversar con la compañia.
552,DGAC & PDI,1891.465,1892.705,1.240,Eso tú lo tienes que conversar con la compañia.
553,DGAC & PDI,1897.845,1898.225,0.380,Eso tú lo tienes que conversar con la compañia.
554,DGAC & PDI,1900.485,1901.865,1.380,"Claro, pero se verifica con la compañía, no lo podemos verificar en el avión"
555,DGAC & PDI,1903.745,1903.885,0.140,"Claro, pero se verifica con la compañía, no lo podemos verificar en el avión"
556,Leandro Disconzi (passenger),1908.465,1909.465,1.000,"Entonces, un funcionario... porque si picó una pregunta puede decidir de atrasar el vuelo"
557,Leandro Disconzi (passenger),1912.505,1913.385,0.880,"Entonces, un funcionario... porque si picó una pregunta puede decidir de atrasar el vuelo"
558,Leandro Disconzi (passenger),1914.765,1917.285,2.520,Pero ahí va a tener que tener algún tipo de justificación para eso!.
559,Leandro Disconzi (passenger),1918.805,1918.925,0.120,Pero ahí va a tener que tener algún tipo de justificación para eso!.
560,DGAC & PDI,1921.565,1922.345,0.780,"Ahh, a imigracion abajo"
561,DGAC & PDI,1925.605,1927.065,1.460,a veces hemos evitado más cosas
562,Leandro Disconzi (passenger),1927.125,1927.445,0.320,Mas evitado mas cosas se simplesmente...
563,DGAC & PDI,1928.025,1930.305,2.280,"Pero si hubiese accedido al diálogo con nosotros, ya estaría caminando."
564,DGAC & PDI,1930.305,1931.625,1.320,"Pero si hubiese accedido al diálogo con nosotros, ya estaría caminando."
565,DGAC & PDI,1931.625,1934.285,2.660,"Pero si hubiese accedido al diálogo con nosotros, ya estaría caminando."
566,DGAC & PDI,1934.145,1936.365,2.220,"Pero si hubiese accedido al diálogo con nosotros, ya estaría caminando."
567,DGAC & PDI,1936.565,1943.125,6.560,"Pero si hubiese accedido al diálogo con nosotros, ya estaría caminando."
568,DGAC & PDI,1943.425,1947.265,3.840,"Pero si hubiese accedido al diálogo con nosotros, ya estaría caminando."
569,DGAC & PDI,1947.805,1951.845,4.040,"Pero si hubiese accedido al diálogo con nosotros, ya estaría caminando."
570,DGAC & PDI,1952.285,1953.425,1.140,"Pero si hubiese accedido al diálogo con nosotros, ya estaría caminando."
571,DGAC & PDI,1953.625,1957.825,4.200,"Pero si hubiese accedido al diálogo con nosotros, ya estaría caminando."
572,DGAC & PDI,1958.045,1961.225,3.180,"Pero si hubiese accedido al diálogo con nosotros, ya estaría caminando."
573,Leandro Disconzi (passenger),1961.465,1962.465,1.000,Yo estava dialogando!
574,Leandro Disconzi (passenger),1963.005,1964.125,1.120,e daí
575,Leandro Disconzi (passenger),1964.845,1966.365,1.520,primeiro tenta que eu o agredi
576,Leandro Disconzi (passenger),1966.725,1970.525,3.800,e daí claramente que viram a câmera e que isso não passou e daí viram
577,Leandro Disconzi (passenger),1970.805,1973.285,2.480,qualquer outra coisa mas foi ele mesmo que
578,Leandro Disconzi (passenger),1973.625,1977.505,3.880,estava ali que recebeu meu passaporte agora se ele não sacou
579,Leandro Disconzi (passenger),1977.965,1981.385,3.420,"Pero ahora empecé a ver que, alén de un proceso a la latam, yo puedo desarrollar un para ca...."
580,Leandro Disconzi (passenger),1983.425,1983.465,0.040,¿Me
581,Leandro Disconzi (passenger),1984.025,1984.605,0.580,"Pero ahora empecé a ver que, alén de un proceso a la latam, yo puedo desarrollar un para ca...."
582,Leandro Disconzi (passenger),1984.845,1986.025,1.180,"Pero ahora empecé a ver que, alén de un proceso a la latam, yo puedo desarrollar un para ca...."
583,Leandro Disconzi (passenger),1987.025,1987.365,0.340,"Pero ahora empecé a ver que, alén de un proceso a la latam, yo puedo desarrollar un para ca...."
584,Leandro Disconzi (passenger),1995.285,1996.185,0.900,"La agresión, no, no, no, la agresión, la justificativa para me sacar del vuelo."
585,Leandro Disconzi (passenger),2001.545,2003.145,1.600,"Yo entiendo que estan haciendo su trabajo, entiende..."
586,Leandro Disconzi (passenger),2003.685,2006.285,2.600,"Yo entiendo que estan haciendo su trabajo, entiende..."
587,Leandro Disconzi (passenger),2006.825,2008.585,1.760,"Yo entiendo que estan haciendo su trabajo, entiende..."
588,DGAC & PDI,2008.885,2012.685,3.800,"Nosotros lo hacemos porque la compañía informa, y eso son los protocolos de seguridad de los aeropuertos. Yo entiendo en general."
589,DGAC & PDI,2014.605,2015.965,1.360,"Nosotros lo hacemos porque la compañía informa, y eso son los protocolos de seguridad de los aeropuertos. Yo entiendo en general."
590,Leandro Disconzi (passenger),2017.425,2018.125,0.700,a
591,Leandro Disconzi (passenger),2018.745,2019.525,0.780,a a
592,Leandro Disconzi (passenger),2020.505,2021.045,0.540,a a a
593,Joaquin Barraza (Latam security staff),2021.085,2021.525,0.440,¿De acuerdo?
594,Leandro Disconzi (passenger),2021.685,2025.945,4.260,a a a a a a a a a a a a a a a justificativa
595,Leandro Disconzi (passenger),2026.185,2027.945,1.760,para me sacar do vuelo
596,Leandro Disconzi (passenger),2028.245,2028.485,0.240,isso
597,DGAC (Civil Aviation Authority),2031.925,2032.805,0.880,¿Los dejamos acá con usted?
598,Leandro Disconzi (passenger),2034.145,2035.465,1.320,"No, yo estoy un año viviendo acá. No, estoy viviendo acá y estoy divorciando de una chilena en este dato momento."
599,Leandro Disconzi (passenger),2038.665,2041.625,2.960,Venía acá simplemente para ver a mi hija y a ver a mi esposa.
600,Leandro Disconzi (passenger),2042.085,2047.465,5.380,interes? Nosotros lo hacemos porque la compañía informa. Esos son los protocolos de seguridad de los aeropuertos. Yo me interesa en general.
601,Leandro Disconzi (passenger),2047.465,2048.565,1.100,fazendo seu trabalho entende?
602,DGAC — Chilean Civil Aviation Authority (Officer 2),2048.685,2049.145,0.460,"Leandro,"
603,DGAC — Chilean Civil Aviation Authority (Officer 2),2049.545,2052.245,2.700,"ahora lo que tienes que tú es hablar con el policía,"
604,DGAC — Chilean Civil Aviation Authority (Officer 2),2052.625,2054.945,2.320,"¿ya? Y después hablar con la compania, a la policía."
605,DGAC (Civil Aviation Authority),2054.945,2057.665,2.720,"De hecho, a la policía tú le puedes colocar igual una denuncia al tiro."
606,Leandro Disconzi (passenger),2057.665,2058.405,0.740,Eso! Una denuncia.
607,Leandro Disconzi (passenger),2058.405,2058.985,0.580,Eso! Una denuncia.
608,DGAC — Chilean Civil Aviation Authority (Officer 2),2058.985,2062.764,3.779,"Leandro, a la policía tú le explicas que fue injusto que na... y todo lo que decías."
609,Leandro Disconzi (passenger),2063.185,2068.065,4.880,Pero ahora... ¿Van a tener que me dar algún tipo de prueba por qué me sacaron del vuelo?
610,DGAC — Chilean Civil Aviation Authority (Officer 2),2068.945,2070.245,1.300,"Porque el comandante lo exigió, po."
611,Leandro Disconzi (passenger),2070.385,2070.945,0.560,"Ya, pero..."
612,Leandro Disconzi (passenger),2071.205,2074.264,3.059,Pero ahí igual. ¿Por qué el comandante lo pidió?
613,DGAC — Chilean Civil Aviation Authority (Officer 2),2075.225,2078.005,2.780,Por eso. Eso tu le hi.. eso se lo dices a la policía.
614,DGAC (Civil Aviation Authority),2078.965,2079.284,0.319,Estaba
615,Leandro Disconzi (passenger),2083.445,2083.844,0.399,"Mira,"
616,Leandro Disconzi (passenger),2085.245,2086.005,0.760,eu eu
617,Leandro Disconzi (passenger),2087.565,2088.105,0.540,não
618,DGAC (Civil Aviation Authority),2088.105,2089.025,0.920,acá de vacaciones.
619,Leandro Disconzi (passenger),2089.025,2094.665,5.640,eu estou há um ano eu vivendo aqui não estou vivendo aqui e estou me divorciando de uma chileia nesse mesmo momento
620,Leandro Disconzi (passenger),2095.665,2099.565,3.900,Venía acá simplemente para ver a mi hija y arreglar a mi esposa.
621,DGAC (Civil Aviation Authority),2100.265,2100.625,0.360,Ya.
622,Leandro Disconzi (passenger),2100.625,2102.045,1.420,"No, no, no, no No,"
623,Leandro Disconzi (passenger),2116.905,2117.905,1.000,Los dejamos acá con ustedes.
624,Joaquin Barraza (Latam security staff),2119.585,2120.285,0.700,¿Por el apoyo?
625,Leandro Disconzi (passenger),2120.305,2121.925,1.620,Que le vaya bien. Ahí le explica todo.
626,Leandro Disconzi (passenger),2123.965,2124.365,0.400,"Leandro,"
627,Leandro Disconzi (passenger),2124.645,2125.165,0.520,Espérate bien.
628,Leandro Disconzi (passenger),2125.925,2126.925,1.000,¿Cómo estás? Te lo pedí. Loro era eerder allá con los aeropuertos. ¡Eres! Olas slicing vosotros teianos binoculmales. Como esta en general. Tienes queortar contains.
629,Leandro Disconzi (passenger),2126.945,2127.785,0.840,¿bien?
630,Leandro Disconzi (passenger),2127.785,2127.925,0.140,"no, no, no Vamos"
631,Leandro Disconzi (passenger),2128.265,2132.325,4.060,"Leandro, ¿pueden explicar primero por qué me sacaron del vuelo?"
632,Leandro Disconzi (passenger),2132.325,2133.785,1.460,"por acá, caminemos De"
633,Leandro Disconzi (passenger),2133.785,2134.865,1.080,"Pero, mientras"
634,Leandro Disconzi (passenger),2135.185,2136.205,1.020,tú me explicas.
635,Leandro Disconzi (passenger),2137.145,2147.545,10.400,"las antecedentes de ambas partes Mira, quiero saber qué pasó por parte de la compañía Y qué pasó por tu parte Ya, para ser totalmente objetivo En el tema Por"
636,Leandro Disconzi (passenger),2148.565,2154.485,5.920,Yo tengo que decir lo que pasó. Usted tiene que me explicar por qué me sacaron. A mí no pasó nada.
637,Leandro Disconzi (passenger),2154.805,2158.665,3.860,"eso, yo quiero saber qué pasó Porque te bajaron, te dieron alguna explicación"
638,Leandro Disconzi (passenger),2158.665,2164.565,5.900,"Sí, sí. El detalle que me dieron inicialmente es una explicación que yo tenía agredido"
639,Leandro Disconzi (passenger),2164.865,2165.285,0.420,"Ya,"
640,Leandro Disconzi (passenger),2165.405,2167.745,2.340,el funcionario del boarding pass
641,Leandro Disconzi (passenger),2168.025,2170.545,2.520,que resolvió mi boarding pass. ¿Ya? Primero.
642,Leandro Disconzi (passenger),2170.965,2171.385,0.420,perfecto
643,Leandro Disconzi (passenger),2171.385,2172.565,1.180,"Y ahí yo le dije, mira,"
644,Leandro Disconzi (passenger),2173.265,2174.245,0.980,ven en la cámara.
645,Leandro Disconzi (passenger),2174.425,2181.145,6.720,"Ni una de las personas que estaban cerca vieron nada. ¿Hay algún testigo que algo pasó? No, no. Y ahí, ¿y un poco qué pasa?"
646,Leandro Disconzi (passenger),2181.645,2183.485,1.840,"La historia, la narrativa cambia."
647,Leandro Disconzi (passenger),2183.685,2186.205,2.520,"Entonces, ahí, ah, mira, la..."
648,Leandro Disconzi (passenger),2186.425,2187.345,0.920,Él pasó
649,Leandro Disconzi (passenger),2187.625,2195.705,8.080,"sin mostrar el boarding pass. Mira, yo pase con el funcionario que estaba ahí. Abri mi pasaporte y mi boarding pass adentro. Y el mismo funcionario que me acusó"
650,Leandro Disconzi (passenger),2195.945,2196.365,0.420,de
651,Leandro Disconzi (passenger),2196.365,2196.665,0.300,"Ya,"
652,Leandro Disconzi (passenger),2196.665,2197.245,0.580,agresión.
653,Leandro Disconzi (passenger),2197.725,2198.105,0.380,"Pero,"
654,Leandro Disconzi (passenger),2198.745,2200.165,1.420,mira lo que le pregunté a él.
655,Leandro Disconzi (passenger),2200.625,2201.525,0.900,Porque él se picó.
656,Leandro Disconzi (passenger),2201.885,2202.225,0.340,ya
657,Leandro Disconzi (passenger),2202.285,2202.665,0.380,Y yo lo...
658,Leandro Disconzi (passenger),2203.185,2203.865,0.680,"No, no tú."
659,Leandro Disconzi (passenger),2205.365,2206.285,0.920,"De la, de la,"
660,Leandro Disconzi (passenger),2206.565,2207.165,0.600,de la... Y
661,Leandro Disconzi (passenger),2207.285,2207.645,0.360,Claro
662,Leandro Disconzi (passenger),2207.985,2208.845,0.860,"le pregunté, mira,"
663,Leandro Disconzi (passenger),2209.605,2210.805,1.200,acá está el boarding pass.
664,Leandro Disconzi (passenger),2211.345,2212.585,1.240,"Boarding time, dije,"
665,Leandro Disconzi (passenger),2212.885,2214.445,1.560,12 y 35.
666,Leandro Disconzi (passenger),2214.865,2216.045,1.180,Y yo salí corriendo.
667,Leandro Disconzi (passenger),2216.345,2222.645,6.300,"Porque yo llegué casi atrasado acá, salí corriendo. Y llegué arriba y era 12 y 50. Pensando, ya están casi todos adentro."
668,Leandro Disconzi (passenger),2222.825,2223.285,0.460,Claro
669,Leandro Disconzi (passenger),2223.325,2224.425,1.100,Ni empezaron todavía.
670,Leandro Disconzi (passenger),2224.965,2230.745,5.780,"Entonces, yo fui preguntar. Fui preguntar, mira, lo que exactamente significa el boarding time."
671,Leandro Disconzi (passenger),2231.145,2231.245,0.100,"Ya,"
672,Leandro Disconzi (passenger),2231.245,2235.465,4.220,Es la hora que ustedes tienen que estar acá. Yo pensé que tal vez fue la hora de entrar en el vuelo.
673,Leandro Disconzi (passenger),2236.005,2238.045,2.040,De empezar a adentrar.
674,Leandro Disconzi (passenger),2238.565,2238.865,0.300,No.
675,Leandro Disconzi (passenger),2239.405,2240.165,0.760,"Ok, bien."
676,Leandro Disconzi (passenger),2240.825,2245.505,4.680,"Entonces, empezó el boarding, que era para ser a 12 y 35. ¿Qué horas?"
677,Leandro Disconzi (passenger),2246.065,2247.265,1.200,A la 1 y 10.
678,Leandro Disconzi (passenger),2248.225,2248.545,0.320,¿Ya?
679,Leandro Disconzi (passenger),2249.245,2250.685,1.440,En menos de 15 minutos.
680,Leandro Disconzi (passenger),2251.705,2253.305,1.600,Let's go. Última llamada.
681,Leandro Disconzi (passenger),2253.665,2254.125,0.460,¿Entiendes?
682,Leandro Disconzi (passenger),2254.305,2256.365,2.060,"El boarding time,"
683,Leandro Disconzi (passenger),2256.905,2258.985,2.080,"que son más o menos 40, 45 minutos,"
684,Leandro Disconzi (passenger),2258.985,2259.305,0.320,exacto
685,Leandro Disconzi (passenger),2259.305,2261.845,2.540,fueron hechos en menos de 15 minutos.
686,Leandro Disconzi (passenger),2262.445,2264.745,2.300,"Entonces, cuando estaba pasando, yo le pregunté, mira,"
687,Leandro Disconzi (passenger),2266.405,2267.965,1.560,fue muy rápido
688,Leandro Disconzi (passenger),2268.445,2269.965,1.520,el boarding. Fue muy rápido.
689,Leandro Disconzi (passenger),2268.485,2268.605,0.120,No
690,Leandro Disconzi (passenger),2269.965,2270.905,0.940,es normal
691,Leandro Disconzi (passenger),2271.005,2274.985,3.980,"Ahí le dije, usted podría haber avisado que el otro vuelo estaba atrasado."
692,Leandro Disconzi (passenger),2275.625,2285.425,9.800,"Sí. Comunicación, pero yo entiendo por qué que la data no hace. ¿Entiendes? Porque no puede reportar la data. ¿Entiendes? Ya, yo entiendo todo eso. Pero el detalle es que fue eso. Él se picó."
693,Leandro Disconzi (passenger),2286.505,2293.345,6.840,"Y ahí, y eso pasa. Porque un funcionario se picó con la pregunta. ¿Eso no puede? No."
694,Leandro Disconzi (passenger),2293.545,2294.345,0.800,"No, tú."
695,Leandro Disconzi (passenger),2294.845,2296.305,1.460,"No, pues ahora soy yo."
696,Leandro Disconzi (passenger),2296.885,2297.165,0.280,Yo
697,Leandro Disconzi (passenger),2298.145,2298.525,0.380,tengo un
698,Leandro Disconzi (passenger),2299.085,2299.605,0.520,poco
699,Leandro Disconzi (passenger),2299.845,2301.765,1.920,El presidente en parte de nosotros
700,Leandro Disconzi (passenger),2302.005,2303.525,1.520,"Ya, ya Yo soy policía"
701,Leandro Disconzi (passenger),2303.705,2304.005,0.300,"Ya,"
702,Leandro Disconzi (passenger),2304.265,2306.185,1.920,ya Los de la policía de investigaciones
703,Leandro Disconzi (passenger),2306.185,2306.545,0.360,"Ya, ya."
704,Leandro Disconzi (passenger),2306.545,2309.525,2.980,"Ya, ya Nosotros ahora vamos a determinar qué le pasa Respecto a"
705,Leandro Disconzi (passenger),2309.785,2312.465,2.680,esto Que ya nosotros nos llamaron porque ¿Sí?
706,Leandro Disconzi (passenger),2312.465,2314.865,2.400,Yo voy a hacer una reclamación
707,Leandro Disconzi (passenger),2315.385,2319.865,4.480,"de todo después, porque yo todavía no entiendo... Claro."
708,Leandro Disconzi (passenger),2319.865,2320.705,0.840,"De hecho,"
709,Leandro Disconzi (passenger),2320.885,2323.305,2.420,para nosotros también es difícil de entender todo
710,Leandro Disconzi (passenger),2323.305,2323.865,0.560,¿En serio?
711,Leandro Disconzi (passenger),2324.805,2330.245,5.440,"¿Ya? Bueno, de nosotros vamos a ver todo lo que pasó Ya los antecedentes que nos cuentan, vamos a ver cámaras"
712,Leandro Disconzi (passenger),2330.245,2330.545,0.300,Yo
713,Leandro Disconzi (passenger),2330.545,2331.585,1.040,"Cámaras, salta me"
714,Leandro Disconzi (passenger),2331.585,2332.725,1.140,puedo mirar también.
715,Leandro Disconzi (passenger),2333.205,2336.185,2.980,Nosotros vamos a hacer análisis de cámaras Vamos a ver Yo también
716,Leandro Disconzi (passenger),2336.185,2337.165,0.980,¿Me puedo mirar?
717,Leandro Disconzi (passenger),2337.485,2337.865,0.380,Yo puedo.
718,Leandro Disconzi (passenger),2337.725,2341.625,3.900,"Si es que nos entregan los videos Si no vamos a tener que revisarlo nosotros Claro,"
719,Leandro Disconzi (passenger),2341.885,2343.745,1.860,Yo tengo que me quedar acá esperando eso.
720,Leandro Disconzi (passenger),2343.745,2347.605,3.860,"espera, espera Vas a tener que esperar Mientras nosotros tomamos una decisión No,"
721,Leandro Disconzi (passenger),2347.605,2349.825,2.220,¿Hay algún lugar que se pueda tomar un cigarro?
722,Leandro Disconzi (passenger),2350.105,2350.525,0.420,"no,"
723,Leandro Disconzi (passenger),2350.525,2351.505,0.980,¿Yo puedo salir con un cigarro?
724,Leandro Disconzi (passenger),2351.505,2352.565,1.060,"no Estaba en un aeropuerto, ahí sí"
725,Leandro Disconzi (passenger),2352.565,2355.745,3.180,"No, yo sé, pero yo puedo salir con un cigarro. Después, después."
726,Leandro Disconzi (passenger),2355.745,2359.645,3.900,"¿Todo bien? ¿Ok? Tomas esto acá ¿Tienes tu documento? Sí,"
727,Leandro Disconzi (passenger),2359.645,2360.165,0.520,"Sí, tengo que"
728,Leandro Disconzi (passenger),2360.085,2361.445,1.360,acá Sí Cuéntame un
729,Leandro Disconzi (passenger),2361.445,2363.025,1.580,ver. ¿Nos vemos luego que se pueda tomar un cigarro?
730,Leandro Disconzi (passenger),2364.625,2370.005,5.380,"Como el board en paz No, no, tu pasaporte Pasaporte o cero de la DNI Lo"
731,Leandro Disconzi (passenger),2370.005,2370.745,0.740,"Sí, sí, sí."
732,Leandro Disconzi (passenger),2370.745,2371.325,0.580,que sea
733,Leandro Disconzi (passenger),2372.045,2372.345,0.300,¿Tú?
734,Leandro Disconzi (passenger),2372.345,2372.705,0.360,Perfecto
735,Leandro Disconzi (passenger),2372.705,2374.185,1.480,"Ya, acá tengo que ver el cigarro."
736,Leandro Disconzi (passenger),2374.185,2374.565,0.380,Ok
737,Leandro Disconzi (passenger),2374.565,2375.645,1.080,¿Deja como tal?
738,Leandro Disconzi (passenger),2376.065,2376.185,0.120,"Ya,"
739,Leandro Disconzi (passenger),2376.205,2376.505,0.300,¿Deja?
740,Leandro Disconzi (passenger),2376.865,2377.745,0.880,"Ah, sí."
741,Leandro Disconzi (passenger),2377.945,2379.245,1.300,así lo voy a tratar
742,Leandro Disconzi (passenger),2379.585,2380.105,0.520,"Ok Ya,"
743,Leandro Disconzi (passenger),2380.445,2381.805,1.360,espera un momento ¿Ya?
744,Leandro Disconzi (passenger),2381.805,2382.505,0.700,"Claro, claro."
745,Leandro Disconzi (passenger),2382.505,2383.025,0.520,Toma Estás
746,Leandro Disconzi (passenger),2383.485,2385.185,1.700,peleado Espérame un poco
